":START_ID",":END_ID","unique_key",":TYPE"
"pub_conf/valuetools/Coppa14","edition_valuetools_2015","pub_conf/valuetools/Coppa14_edition_valuetools_2015","PUBLISHED_IN"
"pub_conf/rlc/ChangFMD24","edition_rlc_2024","pub_conf/rlc/ChangFMD24_edition_rlc_2024","PUBLISHED_IN"
"pub_conf/rlc/0001S024","edition_rlc_2024","pub_conf/rlc/0001S024_edition_rlc_2024","PUBLISHED_IN"
"pub_conf/rlc/ZhouRS024","edition_rlc_2024","pub_conf/rlc/ZhouRS024_edition_rlc_2024","PUBLISHED_IN"
"pub_conf/rlc/AziziDA0VG24","edition_rlc_2024","pub_conf/rlc/AziziDA0VG24_edition_rlc_2024","PUBLISHED_IN"
"pub_conf/rlc/SaberM24","edition_rlc_2024","pub_conf/rlc/SaberM24_edition_rlc_2024","PUBLISHED_IN"
"pub_conf/rlc/AyoubSZCGSS24","edition_rlc_2024","pub_conf/rlc/AyoubSZCGSS24_edition_rlc_2024","PUBLISHED_IN"
"pub_conf/rlc/AgostinelliS24","edition_rlc_2024","pub_conf/rlc/AgostinelliS24_edition_rlc_2024","PUBLISHED_IN"
"pub_conf/rlc/BoigeFQFRP24","edition_rlc_2024","pub_conf/rlc/BoigeFQFRP24_edition_rlc_2024","PUBLISHED_IN"
"pub_conf/rlc/JordanNK0T24","edition_rlc_2024","pub_conf/rlc/JordanNK0T24_edition_rlc_2024","PUBLISHED_IN"
"pub_conf/rlc/FungDHM24","edition_rlc_2024","pub_conf/rlc/FungDHM24_edition_rlc_2024","PUBLISHED_IN"
"pub_conf/rlc/TalvitieSLHBZW24","edition_rlc_2024","pub_conf/rlc/TalvitieSLHBZW24_edition_rlc_2024","PUBLISHED_IN"
"pub_conf/rlc/RongK24","edition_rlc_2024","pub_conf/rlc/RongK24_edition_rlc_2024","PUBLISHED_IN"
"pub_conf/rlc/KanariosZ024","edition_rlc_2024","pub_conf/rlc/KanariosZ024_edition_rlc_2024","PUBLISHED_IN"
"pub_conf/rlc/JeongM24","edition_rlc_2024","pub_conf/rlc/JeongM24_edition_rlc_2024","PUBLISHED_IN"
"pub_conf/rlc/0003LLM24","edition_rlc_2024","pub_conf/rlc/0003LLM24_edition_rlc_2024","PUBLISHED_IN"
"pub_conf/rlc/DunionA24","edition_rlc_2024","pub_conf/rlc/DunionA24_edition_rlc_2024","PUBLISHED_IN"
"pub_conf/rlc/HuangGJP24","edition_rlc_2024","pub_conf/rlc/HuangGJP24_edition_rlc_2024","PUBLISHED_IN"
"pub_conf/rlc/PanahiPW024","edition_rlc_2024","pub_conf/rlc/PanahiPW024_edition_rlc_2024","PUBLISHED_IN"
"pub_conf/rlc/AsriST24","edition_rlc_2024","pub_conf/rlc/AsriST24_edition_rlc_2024","PUBLISHED_IN"
"pub_conf/rlc/BeckJVXW24","edition_rlc_2024","pub_conf/rlc/BeckJVXW24_edition_rlc_2024","PUBLISHED_IN"
"pub_conf/rlc/MaytieDAV24","edition_rlc_2024","pub_conf/rlc/MaytieDAV24_edition_rlc_2024","PUBLISHED_IN"
"pub_conf/rlc/WilliOFDC24","edition_rlc_2024","pub_conf/rlc/WilliOFDC24_edition_rlc_2024","PUBLISHED_IN"
"pub_conf/rlc/IshfaqT0LLMP024","edition_rlc_2024","pub_conf/rlc/IshfaqT0LLMP024_edition_rlc_2024","PUBLISHED_IN"
"pub_conf/rlc/Meyer0M24","edition_rlc_2024","pub_conf/rlc/Meyer0M24_edition_rlc_2024","PUBLISHED_IN"
"pub_conf/rlc/0012LX24","edition_rlc_2024","pub_conf/rlc/0012LX24_edition_rlc_2024","PUBLISHED_IN"
"pub_conf/rlc/BeckerMON24","edition_rlc_2024","pub_conf/rlc/BeckerMON24_edition_rlc_2024","PUBLISHED_IN"
"pub_conf/rlc/CousinsAL024","edition_rlc_2024","pub_conf/rlc/CousinsAL024_edition_rlc_2024","PUBLISHED_IN"
"pub_conf/rlc/ZhangX24","edition_rlc_2024","pub_conf/rlc/ZhangX24_edition_rlc_2024","PUBLISHED_IN"
"pub_conf/rlc/VoelckerKGF24","edition_rlc_2024","pub_conf/rlc/VoelckerKGF24_edition_rlc_2024","PUBLISHED_IN"
"pub_conf/rlc/Luo0JZ24","edition_rlc_2024","pub_conf/rlc/Luo0JZ24_edition_rlc_2024","PUBLISHED_IN"
"pub_conf/rlc/MattsonAB24","edition_rlc_2024","pub_conf/rlc/MattsonAB24_edition_rlc_2024","PUBLISHED_IN"
"pub_conf/rlc/KapoorF0C24","edition_rlc_2024","pub_conf/rlc/KapoorF0C24_edition_rlc_2024","PUBLISHED_IN"
"pub_conf/rlc/CramerFST24","edition_rlc_2024","pub_conf/rlc/CramerFST24_edition_rlc_2024","PUBLISHED_IN"
"pub_conf/rlc/Almuzairee0C24","edition_rlc_2024","pub_conf/rlc/Almuzairee0C24_edition_rlc_2024","PUBLISHED_IN"
"pub_conf/rlc/ZeitlerMMS024","edition_rlc_2024","pub_conf/rlc/ZeitlerMMS024_edition_rlc_2024","PUBLISHED_IN"
"pub_conf/rlc/DokoYBP24","edition_rlc_2024","pub_conf/rlc/DokoYBP24_edition_rlc_2024","PUBLISHED_IN"
"pub_conf/rlc/LuoPW0P24","edition_rlc_2024","pub_conf/rlc/LuoPW0P24_edition_rlc_2024","PUBLISHED_IN"
"pub_conf/rlc/WangSC24","edition_rlc_2024","pub_conf/rlc/WangSC24_edition_rlc_2024","PUBLISHED_IN"
"pub_conf/rlc/DrappoMR24","edition_rlc_2024","pub_conf/rlc/DrappoMR24_edition_rlc_2024","PUBLISHED_IN"
"pub_conf/rlc/CorsiARK0F24","edition_rlc_2024","pub_conf/rlc/CorsiARK0F24_edition_rlc_2024","PUBLISHED_IN"
"pub_conf/rlc/TanX24","edition_rlc_2024","pub_conf/rlc/TanX24_edition_rlc_2024","PUBLISHED_IN"
"pub_conf/rlc/AsisS24","edition_rlc_2024","pub_conf/rlc/AsisS24_edition_rlc_2024","PUBLISHED_IN"
"pub_conf/rlc/Xu0R24","edition_rlc_2024","pub_conf/rlc/Xu0R24_edition_rlc_2024","PUBLISHED_IN"
"pub_conf/rlc/AntonovD24","edition_rlc_2024","pub_conf/rlc/AntonovD24_edition_rlc_2024","PUBLISHED_IN"
"pub_conf/rlc/DierkesCHT24","edition_rlc_2024","pub_conf/rlc/DierkesCHT24_edition_rlc_2024","PUBLISHED_IN"
"pub_conf/rlc/PrasannaFRB24","edition_rlc_2024","pub_conf/rlc/PrasannaFRB24_edition_rlc_2024","PUBLISHED_IN"
"pub_conf/rlc/McMahanW0ZX24","edition_rlc_2024","pub_conf/rlc/McMahanW0ZX24_edition_rlc_2024","PUBLISHED_IN"
"pub_conf/rlc/JavedSS24","edition_rlc_2024","pub_conf/rlc/JavedSS24_edition_rlc_2024","PUBLISHED_IN"
"pub_conf/rlc/CornelisseV24","edition_rlc_2024","pub_conf/rlc/CornelisseV24_edition_rlc_2024","PUBLISHED_IN"
"pub_conf/rlc/Naik0TS24","edition_rlc_2024","pub_conf/rlc/Naik0TS24_edition_rlc_2024","PUBLISHED_IN"
"pub_conf/rlc/AghajohariCDAC24","edition_rlc_2024","pub_conf/rlc/AghajohariCDAC24_edition_rlc_2024","PUBLISHED_IN"
"pub_conf/rlc/Vlastelica0MK24","edition_rlc_2024","pub_conf/rlc/Vlastelica0MK24_edition_rlc_2024","PUBLISHED_IN"
"pub_conf/rlc/StaleySGS24","edition_rlc_2024","pub_conf/rlc/StaleySGS24_edition_rlc_2024","PUBLISHED_IN"
"pub_conf/rlc/Obando-CeronACC24","edition_rlc_2024","pub_conf/rlc/Obando-CeronACC24_edition_rlc_2024","PUBLISHED_IN"
"pub_conf/rlc/VascoSKSWS24","edition_rlc_2024","pub_conf/rlc/VascoSKSWS24_edition_rlc_2024","PUBLISHED_IN"
"pub_conf/rlc/FreedWC0C24","edition_rlc_2024","pub_conf/rlc/FreedWC0C24_edition_rlc_2024","PUBLISHED_IN"
"pub_conf/rlc/PapiniMMR24","edition_rlc_2024","pub_conf/rlc/PapiniMMR24_edition_rlc_2024","PUBLISHED_IN"
"pub_conf/rlc/Moss0CK24","edition_rlc_2024","pub_conf/rlc/Moss0CK24_edition_rlc_2024","PUBLISHED_IN"
"pub_conf/rlc/PriesterBGS24","edition_rlc_2024","pub_conf/rlc/PriesterBGS24_edition_rlc_2024","PUBLISHED_IN"
"pub_conf/rlc/ZhouKFR24","edition_rlc_2024","pub_conf/rlc/ZhouKFR24_edition_rlc_2024","PUBLISHED_IN"
"pub_conf/rlc/OertellCZB024","edition_rlc_2024","pub_conf/rlc/OertellCZB024_edition_rlc_2024","PUBLISHED_IN"
"pub_conf/rlc/HussingMSKE24","edition_rlc_2024","pub_conf/rlc/HussingMSKE24_edition_rlc_2024","PUBLISHED_IN"
"pub_conf/rlc/LuARV24","edition_rlc_2024","pub_conf/rlc/LuARV24_edition_rlc_2024","PUBLISHED_IN"
"pub_conf/rlc/AdamczykMTK24","edition_rlc_2024","pub_conf/rlc/AdamczykMTK24_edition_rlc_2024","PUBLISHED_IN"
"pub_conf/rlc/AckermannOS24","edition_rlc_2024","pub_conf/rlc/AckermannOS24_edition_rlc_2024","PUBLISHED_IN"
"pub_conf/rlc/JarnefeltKD24","edition_rlc_2024","pub_conf/rlc/JarnefeltKD24_edition_rlc_2024","PUBLISHED_IN"
"pub_conf/rlc/RafailovHSKSKHK24","edition_rlc_2024","pub_conf/rlc/RafailovHSKSKHK24_edition_rlc_2024","PUBLISHED_IN"
"pub_conf/rlc/HugessenCMB24","edition_rlc_2024","pub_conf/rlc/HugessenCMB24_edition_rlc_2024","PUBLISHED_IN"
"pub_conf/rlc/AmirNL24","edition_rlc_2024","pub_conf/rlc/AmirNL24_edition_rlc_2024","PUBLISHED_IN"
"pub_conf/rlc/VasanWSBJM24","edition_rlc_2024","pub_conf/rlc/VasanWSBJM24_edition_rlc_2024","PUBLISHED_IN"
"pub_conf/rlc/CorradoQBLH24","edition_rlc_2024","pub_conf/rlc/CorradoQBLH24_edition_rlc_2024","PUBLISHED_IN"
"pub_conf/rlc/BedaywiRF24","edition_rlc_2024","pub_conf/rlc/BedaywiRF24_edition_rlc_2024","PUBLISHED_IN"
"pub_conf/rlc/McInroeJAS24","edition_rlc_2024","pub_conf/rlc/McInroeJAS24_edition_rlc_2024","PUBLISHED_IN"
"pub_conf/rlc/KalraB24","edition_rlc_2024","pub_conf/rlc/KalraB24_edition_rlc_2024","PUBLISHED_IN"
"pub_conf/rlc/MorimuraOAZ24","edition_rlc_2024","pub_conf/rlc/MorimuraOAZ24_edition_rlc_2024","PUBLISHED_IN"
"pub_conf/rlc/ZhaoW24","edition_rlc_2024","pub_conf/rlc/ZhaoW24_edition_rlc_2024","PUBLISHED_IN"
"pub_conf/rlc/HuZZZYX024","edition_rlc_2024","pub_conf/rlc/HuZZZYX024_edition_rlc_2024","PUBLISHED_IN"
"pub_conf/rlc/Karamzade0KF24","edition_rlc_2024","pub_conf/rlc/Karamzade0KF24_edition_rlc_2024","PUBLISHED_IN"
"pub_conf/rlc/ZhangPSSWY24","edition_rlc_2024","pub_conf/rlc/ZhangPSSWY24_edition_rlc_2024","PUBLISHED_IN"
"pub_conf/rlc/YaoPDE24","edition_rlc_2024","pub_conf/rlc/YaoPDE24_edition_rlc_2024","PUBLISHED_IN"
"pub_conf/rlc/HussingVGFE24","edition_rlc_2024","pub_conf/rlc/HussingVGFE24_edition_rlc_2024","PUBLISHED_IN"
"pub_conf/rlc/MadhavanM0B24","edition_rlc_2024","pub_conf/rlc/MadhavanM0B24_edition_rlc_2024","PUBLISHED_IN"
"pub_conf/rlc/WuHDMRA24","edition_rlc_2024","pub_conf/rlc/WuHDMRA24_edition_rlc_2024","PUBLISHED_IN"
"pub_conf/rlc/AvalosBNRO24","edition_rlc_2024","pub_conf/rlc/AvalosBNRO24_edition_rlc_2024","PUBLISHED_IN"
"pub_conf/rlc/KoyamadaNI24","edition_rlc_2024","pub_conf/rlc/KoyamadaNI24_edition_rlc_2024","PUBLISHED_IN"
"pub_conf/rlc/LiH0GP24","edition_rlc_2024","pub_conf/rlc/LiH0GP24_edition_rlc_2024","PUBLISHED_IN"
"pub_conf/rlc/ZamboniCRM24","edition_rlc_2024","pub_conf/rlc/ZamboniCRM24_edition_rlc_2024","PUBLISHED_IN"
"pub_conf/rlc/LambrechtsBE24","edition_rlc_2024","pub_conf/rlc/LambrechtsBE24_edition_rlc_2024","PUBLISHED_IN"
"pub_conf/rlc/DaleyMW24","edition_rlc_2024","pub_conf/rlc/DaleyMW24_edition_rlc_2024","PUBLISHED_IN"
"pub_conf/rlc/GolowichM24","edition_rlc_2024","pub_conf/rlc/GolowichM24_edition_rlc_2024","PUBLISHED_IN"
"pub_conf/rlc/SuauSO24","edition_rlc_2024","pub_conf/rlc/SuauSO24_edition_rlc_2024","PUBLISHED_IN"
"pub_conf/rlc/ChenTTLLTZ24","edition_rlc_2024","pub_conf/rlc/ChenTTLLTZ24_edition_rlc_2024","PUBLISHED_IN"
"pub_conf/rlc/LanMYX24","edition_rlc_2024","pub_conf/rlc/LanMYX24_edition_rlc_2024","PUBLISHED_IN"
"pub_conf/rlc/ChoudharyGT24","edition_rlc_2024","pub_conf/rlc/ChoudharyGT24_edition_rlc_2024","PUBLISHED_IN"
"pub_conf/rlc/AbelHH24","edition_rlc_2024","pub_conf/rlc/AbelHH24_edition_rlc_2024","PUBLISHED_IN"
"pub_conf/rlc/PattersonNKW024","edition_rlc_2024","pub_conf/rlc/PattersonNKW024_edition_rlc_2024","PUBLISHED_IN"
"pub_conf/rlc/DelfosseBGSK24","edition_rlc_2024","pub_conf/rlc/DelfosseBGSK24_edition_rlc_2024","PUBLISHED_IN"
"pub_conf/rlc/WangWLKT024","edition_rlc_2024","pub_conf/rlc/WangWLKT024_edition_rlc_2024","PUBLISHED_IN"
"pub_conf/rlc/CorsiCF24","edition_rlc_2024","pub_conf/rlc/CorsiCF24_edition_rlc_2024","PUBLISHED_IN"
"pub_conf/rlc/ChitnisYG24","edition_rlc_2024","pub_conf/rlc/ChitnisYG24_edition_rlc_2024","PUBLISHED_IN"
"pub_conf/rlc/RentingMHJ24","edition_rlc_2024","pub_conf/rlc/RentingMHJ24_edition_rlc_2024","PUBLISHED_IN"
"pub_conf/rlc/OmuraOMH24","edition_rlc_2024","pub_conf/rlc/OmuraOMH24_edition_rlc_2024","PUBLISHED_IN"
"pub_conf/rlc/ZhangGSLC24","edition_rlc_2024","pub_conf/rlc/ZhangGSLC24_edition_rlc_2024","PUBLISHED_IN"
"pub_conf/rlc/LobelP24","edition_rlc_2024","pub_conf/rlc/LobelP24_edition_rlc_2024","PUBLISHED_IN"
"pub_conf/rlc/RudolphCBLN024","edition_rlc_2024","pub_conf/rlc/RudolphCBLN024_edition_rlc_2024","PUBLISHED_IN"
"pub_conf/rlc/Dizon-ParadisWC24","edition_rlc_2024","pub_conf/rlc/Dizon-ParadisWC24_edition_rlc_2024","PUBLISHED_IN"
"pub_conf/rlc/ZhangW024","edition_rlc_2024","pub_conf/rlc/ZhangW024_edition_rlc_2024","PUBLISHED_IN"
"pub_conf/rlc/0002024","edition_rlc_2024","pub_conf/rlc/0002024_edition_rlc_2024","PUBLISHED_IN"
"pub_conf/rlc/WuA24","edition_rlc_2024","pub_conf/rlc/WuA24_edition_rlc_2024","PUBLISHED_IN"
"pub_conf/rlc/RaffinSKASS24","edition_rlc_2024","pub_conf/rlc/RaffinSKASS24_edition_rlc_2024","PUBLISHED_IN"
"pub_conf/rlc/MelcerAT24","edition_rlc_2024","pub_conf/rlc/MelcerAT24_edition_rlc_2024","PUBLISHED_IN"
"pub_conf/rlc/JacksonMLEWF24","edition_rlc_2024","pub_conf/rlc/JacksonMLEWF24_edition_rlc_2024","PUBLISHED_IN"
"pub_conf/www/CibranVVSJ07","edition_www_2007","pub_conf/www/CibranVVSJ07_edition_www_2007","PUBLISHED_IN"
"pub_conf/www/RamamohanaraoF07","edition_www_2007","pub_conf/www/RamamohanaraoF07_edition_www_2007","PUBLISHED_IN"
"pub_conf/www/MartinBMMPSMSS07","edition_www_2007","pub_conf/www/MartinBMMPSMSS07_edition_www_2007","PUBLISHED_IN"
"pub_conf/www/LimWPVA07","edition_www_2007","pub_conf/www/LimWPVA07_edition_www_2007","PUBLISHED_IN"
"pub_conf/www/GeorgakopoulosBNC07","edition_www_2007","pub_conf/www/GeorgakopoulosBNC07_edition_www_2007","PUBLISHED_IN"
"pub_conf/www/HeMLYW07","edition_www_2007","pub_conf/www/HeMLYW07_edition_www_2007","PUBLISHED_IN"
"pub_conf/www/ZhaiL07","edition_www_2007","pub_conf/www/ZhaiL07_edition_www_2007","PUBLISHED_IN"
"pub_conf/www/BeszteriV07","edition_www_2007","pub_conf/www/BeszteriV07_edition_www_2007","PUBLISHED_IN"
"pub_conf/www/VadrevuGD07","edition_www_2007","pub_conf/www/VadrevuGD07_edition_www_2007","PUBLISHED_IN"
"pub_conf/www/MenasceA07","edition_www_2007","pub_conf/www/MenasceA07_edition_www_2007","PUBLISHED_IN"
"pub_conf/www/CharfiM07","edition_www_2007","pub_conf/www/CharfiM07_edition_www_2007","PUBLISHED_IN"
"pub_conf/www/NguKN07","edition_www_2007","pub_conf/www/NguKN07_edition_www_2007","PUBLISHED_IN"
"pub_conf/www/Ericsson07","edition_www_2007","pub_conf/www/Ericsson07_edition_www_2007","PUBLISHED_IN"
"pub_conf/www/Martin-FlatinL07","edition_www_2007","pub_conf/www/Martin-FlatinL07_edition_www_2007","PUBLISHED_IN"
"pub_conf/mobiquitous/AlamPR15","edition_mobiquitous_2015","pub_conf/mobiquitous/AlamPR15_edition_mobiquitous_2015","PUBLISHED_IN"
"pub_journals/coap/Kozanidis09","journal_coap","pub_journals/coap/Kozanidis09_journal_coap","PUBLISHED_IN"
"pub_journals/isf/DemirkanS16","journal_isf","pub_journals/isf/DemirkanS16_journal_isf","PUBLISHED_IN"
"pub_journals/sigir/ClarkeCP98","journal_sigir","pub_journals/sigir/ClarkeCP98_journal_sigir","PUBLISHED_IN"
"pub_journals/tnn/ChowH05","journal_tnn","pub_journals/tnn/ChowH05_journal_tnn","PUBLISHED_IN"
"pub_journals/tnn/WangHYWZNBC23","journal_tnn","pub_journals/tnn/WangHYWZNBC23_journal_tnn","PUBLISHED_IN"
"pub_journals/tnn/JingXHD24","journal_tnn","pub_journals/tnn/JingXHD24_journal_tnn","PUBLISHED_IN"
"pub_journals/oir/Preez14a","journal_oir","pub_journals/oir/Preez14a_journal_oir","PUBLISHED_IN"
"pub_journals/ojcs/Popovski24","journal_ojcs","pub_journals/ojcs/Popovski24_journal_ojcs","PUBLISHED_IN"
"pub_journals/taslp/YuCMS05","journal_taslp","pub_journals/taslp/YuCMS05_journal_taslp","PUBLISHED_IN"
"pub_journals/ejasp/WuWLL12","journal_ejasp","pub_journals/ejasp/WuWLL12_journal_ejasp","PUBLISHED_IN"
"pub_journals/tmc/AfifiAKM18","journal_tmc","pub_journals/tmc/AfifiAKM18_journal_tmc","PUBLISHED_IN"
"pub_journals/remotesensing/ZhuoHLZMGHXX19","journal_remotesensing","pub_journals/remotesensing/ZhuoHLZMGHXX19_journal_remotesensing","PUBLISHED_IN"
"pub_journals/remotesensing/BianchiniHMNGMM13","journal_remotesensing","pub_journals/remotesensing/BianchiniHMNGMM13_journal_remotesensing","PUBLISHED_IN"
"pub_journals/remotesensing/InnocentiRTPGMSBPC23","journal_remotesensing","pub_journals/remotesensing/InnocentiRTPGMSBPC23_journal_remotesensing","PUBLISHED_IN"
"pub_journals/remotesensing/DomazetovicSMP22","journal_remotesensing","pub_journals/remotesensing/DomazetovicSMP22_journal_remotesensing","PUBLISHED_IN"
"pub_journals/jcisd/AndrianovOSK21","journal_jcisd","pub_journals/jcisd/AndrianovOSK21_journal_jcisd","PUBLISHED_IN"
"pub_journals/jcisd/FiedlerFWK22","journal_jcisd","pub_journals/jcisd/FiedlerFWK22_journal_jcisd","PUBLISHED_IN"
"pub_journals/kbs/HuDWW22","journal_kbs","pub_journals/kbs/HuDWW22_journal_kbs","PUBLISHED_IN"
"pub_journals/kbs/MaTZC17","journal_kbs","pub_journals/kbs/MaTZC17_journal_kbs","PUBLISHED_IN"
"pub_journals/kbs/WeiXYW14","journal_kbs","pub_journals/kbs/WeiXYW14_journal_kbs","PUBLISHED_IN"
"pub_journals/cphysics/ShiGY25","journal_cphysics","pub_journals/cphysics/ShiGY25_journal_cphysics","PUBLISHED_IN"
"pub_journals/jfi/PandiselviRZR18","journal_jfi","pub_journals/jfi/PandiselviRZR18_journal_jfi","PUBLISHED_IN"
"pub_journals/sigapl/Bergquist93","journal_sigapl","pub_journals/sigapl/Bergquist93_journal_sigapl","PUBLISHED_IN"
"pub_journals/jss/BassNWZO08","journal_jss","pub_journals/jss/BassNWZO08_journal_jss","PUBLISHED_IN"
"pub_journals/jilt/MahargN14a","journal_jilt","pub_journals/jilt/MahargN14a_journal_jilt","PUBLISHED_IN"
"pub_journals/ijisec/AlzahraniFAAA23","journal_ijisec","pub_journals/ijisec/AlzahraniFAAA23_journal_ijisec","PUBLISHED_IN"
"pub_journals/ijisec/Pericas-Gornals22","journal_ijisec","pub_journals/ijisec/Pericas-Gornals22_journal_ijisec","PUBLISHED_IN"
"pub_journals/npjdm/ZhaoWBCHLPABWC20","journal_npjdm","pub_journals/npjdm/ZhaoWBCHLPABWC20_journal_npjdm","PUBLISHED_IN"
"pub_journals/tip/SongHQD23","journal_tip","pub_journals/tip/SongHQD23_journal_tip","PUBLISHED_IN"
"pub_journals/computers/SanchezALM24","journal_computers","pub_journals/computers/SanchezALM24_journal_computers","PUBLISHED_IN"
"pub_journals/ar/KangZ20","journal_ar","pub_journals/ar/KangZ20_journal_ar","PUBLISHED_IN"
"pub_journals/urbaninformatics/Li0GZB22","journal_urbaninformatics","pub_journals/urbaninformatics/Li0GZB22_journal_urbaninformatics","PUBLISHED_IN"
"pub_journals/csur/SchuerkampG24","journal_csur","pub_journals/csur/SchuerkampG24_journal_csur","PUBLISHED_IN"
"pub_journals/wicomm/ZhouFXL12","journal_wicomm","pub_journals/wicomm/ZhouFXL12_journal_wicomm","PUBLISHED_IN"
"pub_journals/orgsci/SomayaM12","journal_orgsci","pub_journals/orgsci/SomayaM12_journal_orgsci","PUBLISHED_IN"
"pub_journals/jmis/LeeK06","journal_jmis","pub_journals/jmis/LeeK06_journal_jmis","PUBLISHED_IN"
"pub_journals/prl/WangXLCC24","journal_prl","pub_journals/prl/WangXLCC24_journal_prl","PUBLISHED_IN"
"pub_journals/prl/LiangZBY24","journal_prl","pub_journals/prl/LiangZBY24_journal_prl","PUBLISHED_IN"
"pub_journals/ijcisys/YuQY24","journal_ijcisys","pub_journals/ijcisys/YuQY24_journal_ijcisys","PUBLISHED_IN"
"pub_journals/ijcisys/ZhangJZY23","journal_ijcisys","pub_journals/ijcisys/ZhangJZY23_journal_ijcisys","PUBLISHED_IN"
"pub_journals/scp/SouquieresF85","journal_scp","pub_journals/scp/SouquieresF85_journal_scp","PUBLISHED_IN"
"pub_journals/iepol/LoomisS05","journal_iepol","pub_journals/iepol/LoomisS05_journal_iepol","PUBLISHED_IN"
"pub_journals/ijscn/PourmoghadasSCO17","journal_ijscn","pub_journals/ijscn/PourmoghadasSCO17_journal_ijscn","PUBLISHED_IN"
"pub_journals/ijscn/KatonaGDKBBB20","journal_ijscn","pub_journals/ijscn/KatonaGDKBBB20_journal_ijscn","PUBLISHED_IN"
"pub_journals/ijscn/XuDL21","journal_ijscn","pub_journals/ijscn/XuDL21_journal_ijscn","PUBLISHED_IN"
"pub_journals/tsp/YinZML05","journal_tsp","pub_journals/tsp/YinZML05_journal_tsp","PUBLISHED_IN"
"pub_journals/itiis/KuangGL23","journal_itiis","pub_journals/itiis/KuangGL23_journal_itiis","PUBLISHED_IN"
"pub_journals/iet-ipr/PatilB18","journal_iet-ipr","pub_journals/iet-ipr/PatilB18_journal_iet-ipr","PUBLISHED_IN"
"pub_journals/firstmonday/Boyd06","journal_firstmonday","pub_journals/firstmonday/Boyd06_journal_firstmonday","PUBLISHED_IN"
"pub_journals/firstmonday/Stevens19","journal_firstmonday","pub_journals/firstmonday/Stevens19_journal_firstmonday","PUBLISHED_IN"
"pub_journals/giq/Griffith01","journal_giq","pub_journals/giq/Griffith01_journal_giq","PUBLISHED_IN"
"pub_journals/fgcs/GrantD93","journal_fgcs","pub_journals/fgcs/GrantD93_journal_fgcs","PUBLISHED_IN"
"pub_journals/toms/PallottinoT81","journal_toms","pub_journals/toms/PallottinoT81_journal_toms","PUBLISHED_IN"
"pub_journals/information/TianPHZ21","journal_information","pub_journals/information/TianPHZ21_journal_information","PUBLISHED_IN"
"pub_journals/information/OtoomKHSH19","journal_information","pub_journals/information/OtoomKHSH19_journal_information","PUBLISHED_IN"
"pub_journals/tcs/Kim94","journal_tcs","pub_journals/tcs/Kim94_journal_tcs","PUBLISHED_IN"
"pub_journals/cbsn/LiuK07","journal_cbsn","pub_journals/cbsn/LiuK07_journal_cbsn","PUBLISHED_IN"
"pub_journals/cbsn/Lee-WonANW16","journal_cbsn","pub_journals/cbsn/Lee-WonANW16_journal_cbsn","PUBLISHED_IN"
"pub_journals/jikm/Al-JanabiA16","journal_jikm","pub_journals/jikm/Al-JanabiA16_journal_jikm","PUBLISHED_IN"
"pub_journals/ipl/Group95","journal_ipl","pub_journals/ipl/Group95_journal_ipl","PUBLISHED_IN"
"pub_journals/jdi/BhanotS17","journal_jdi","pub_journals/jdi/BhanotS17_journal_jdi","PUBLISHED_IN"
"pub_journals/smr/Hamouda13","journal_smr","pub_journals/smr/Hamouda13_journal_smr","PUBLISHED_IN"
"pub_journals/smr/ZeroualiMGDCR19","journal_smr","pub_journals/smr/ZeroualiMGDCR19_journal_smr","PUBLISHED_IN"
"pub_journals/smr/PaasivaaraL14","journal_smr","pub_journals/smr/PaasivaaraL14_journal_smr","PUBLISHED_IN"
"pub_journals/cstat/SchellhaseK12","journal_cstat","pub_journals/cstat/SchellhaseK12_journal_cstat","PUBLISHED_IN"
"pub_journals/iam/YinZWZWZ22","journal_iam","pub_journals/iam/YinZWZWZ22_journal_iam","PUBLISHED_IN"
"pub_journals/spic/Bian20","journal_spic","pub_journals/spic/Bian20_journal_spic","PUBLISHED_IN"
"pub_journals/vlsisp/ZhouPC20","journal_vlsisp","pub_journals/vlsisp/ZhouPC20_journal_vlsisp","PUBLISHED_IN"
"pub_journals/ife/Hasselbring98","journal_ife","pub_journals/ife/Hasselbring98_journal_ife","PUBLISHED_IN"
"pub_journals/jbcb/ChinnasamySM05","journal_jbcb","pub_journals/jbcb/ChinnasamySM05_journal_jbcb","PUBLISHED_IN"
"pub_journals/jmrr/HamouMTAAM24","journal_jmrr","pub_journals/jmrr/HamouMTAAM24_journal_jmrr","PUBLISHED_IN"
"pub_journals/jois/XieFHY15","journal_jois","pub_journals/jois/XieFHY15_journal_jois","PUBLISHED_IN"
"pub_journals/cg/StrackBDSGPMP94","journal_cg","pub_journals/cg/StrackBDSGPMP94_journal_cg","PUBLISHED_IN"
"pub_journals/icl/BocusDC13","journal_icl","pub_journals/icl/BocusDC13_journal_icl","PUBLISHED_IN"
"pub_journals/jasis/SuLLL17","journal_jasis","pub_journals/jasis/SuLLL17_journal_jasis","PUBLISHED_IN"
"pub_journals/ijhci/WangDZYG24","journal_ijhci","pub_journals/ijhci/WangDZYG24_journal_ijhci","PUBLISHED_IN"
"pub_journals/jct/GeelenHR18","journal_jct","pub_journals/jct/GeelenHR18_journal_jct","PUBLISHED_IN"
"pub_journals/jct/BruhnD09","journal_jct","pub_journals/jct/BruhnD09_journal_jct","PUBLISHED_IN"
"pub_journals/nn/BrajovicMK98","journal_nn","pub_journals/nn/BrajovicMK98_journal_nn","PUBLISHED_IN"
"pub_journals/nn/NaruseTOUS15","journal_nn","pub_journals/nn/NaruseTOUS15_journal_nn","PUBLISHED_IN"
"pub_journals/tasm/Tavoulareas24","journal_tasm","pub_journals/tasm/Tavoulareas24_journal_tasm","PUBLISHED_IN"
"pub_journals/jcc/ZwierSK07","journal_jcc","pub_journals/jcc/ZwierSK07_journal_jcc","PUBLISHED_IN"
"pub_journals/rdlj/FilimonovVAM20","journal_rdlj","pub_journals/rdlj/FilimonovVAM20_journal_rdlj","PUBLISHED_IN"
"pub_journals/jr/JiC21","journal_jr","pub_journals/jr/JiC21_journal_jr","PUBLISHED_IN"
"pub_journals/ijmms/PengCWW18","journal_ijmms","pub_journals/ijmms/PengCWW18_journal_ijmms","PUBLISHED_IN"
"pub_journals/ijmms/Lucas77","journal_ijmms","pub_journals/ijmms/Lucas77_journal_ijmms","PUBLISHED_IN"
"pub_journals/ijmms/HollnagelB00","journal_ijmms","pub_journals/ijmms/HollnagelB00_journal_ijmms","PUBLISHED_IN"
"pub_journals/et/ElliotB23","journal_et","pub_journals/et/ElliotB23_journal_et","PUBLISHED_IN"
"pub_journals/quantum/GodleyG23","journal_quantum","pub_journals/quantum/GodleyG23_journal_quantum","PUBLISHED_IN"
"pub_journals/wpc/TomovicYMR17","journal_wpc","pub_journals/wpc/TomovicYMR17_journal_wpc","PUBLISHED_IN"
"pub_journals/cviu/LiuHHCC98","journal_cviu","pub_journals/cviu/LiuHHCC98_journal_cviu","PUBLISHED_IN"
"pub_journals/jscic/DingL19","journal_jscic","pub_journals/jscic/DingL19_journal_jscic","PUBLISHED_IN"
"pub_journals/robotica/ColbaughG95","journal_robotica","pub_journals/robotica/ColbaughG95_journal_robotica","PUBLISHED_IN"
"pub_journals/twc/YuanLCHWZ23","journal_twc","pub_journals/twc/YuanLCHWZ23_journal_twc","PUBLISHED_IN"
"pub_journals/twc/KarasikSS13","journal_twc","pub_journals/twc/KarasikSS13_journal_twc","PUBLISHED_IN"
"pub_journals/twc/KimLG11","journal_twc","pub_journals/twc/KimLG11_journal_twc","PUBLISHED_IN"
"pub_journals/pvldb/TangMYC19","journal_pvldb","pub_journals/pvldb/TangMYC19_journal_pvldb","PUBLISHED_IN"
"pub_journals/mr/HaniniA18","journal_mr","pub_journals/mr/HaniniA18_journal_mr","PUBLISHED_IN"
"pub_journals/cacm/Littman12","journal_cacm","pub_journals/cacm/Littman12_journal_cacm","PUBLISHED_IN"
"pub_journals/cj/AhmadD95","journal_cj","pub_journals/cj/AhmadD95_journal_cj","PUBLISHED_IN"
"pub_journals/cj/FlynnL85","journal_cj","pub_journals/cj/FlynnL85_journal_cj","PUBLISHED_IN"
"pub_journals/frai/ZamprognoDHR23","journal_frai","pub_journals/frai/ZamprognoDHR23_journal_frai","PUBLISHED_IN"
"pub_journals/ijdet/TejedorMV08","journal_ijdet","pub_journals/ijdet/TejedorMV08_journal_ijdet","PUBLISHED_IN"
"pub_journals/jfr/SakagamiKYMMSK23","journal_jfr","pub_journals/jfr/SakagamiKYMMSK23_journal_jfr","PUBLISHED_IN"
"pub_journals/mis/Wang21j","journal_mis","pub_journals/mis/Wang21j_journal_mis","PUBLISHED_IN"
"pub_journals/vc/ShiYSPG10","journal_vc","pub_journals/vc/ShiYSPG10_journal_vc","PUBLISHED_IN"
"pub_journals/ijcse/YuWS19","journal_ijcse","pub_journals/ijcse/YuWS19_journal_ijcse","PUBLISHED_IN"
"pub_journals/crl/MongeonSASL21","journal_crl","pub_journals/crl/MongeonSASL21_journal_crl","PUBLISHED_IN"
"pub_journals/amai/KowalskiS11","journal_amai","pub_journals/amai/KowalskiS11_journal_amai","PUBLISHED_IN"
"pub_journals/chk/Bunnell17","journal_chk","pub_journals/chk/Bunnell17_journal_chk","PUBLISHED_IN"
"pub_journals/jds/TaylorBD20","journal_jds","pub_journals/jds/TaylorBD20_journal_jds","PUBLISHED_IN"
"pub_journals/entropy/CremaschiniT23","journal_entropy","pub_journals/entropy/CremaschiniT23_journal_entropy","PUBLISHED_IN"
"pub_journals/entropy/TuZJP18","journal_entropy","pub_journals/entropy/TuZJP18_journal_entropy","PUBLISHED_IN"
"pub_journals/entropy/DobreGCC20","journal_entropy","pub_journals/entropy/DobreGCC20_journal_entropy","PUBLISHED_IN"
"pub_journals/symmetry/OzisikSB23","journal_symmetry","pub_journals/symmetry/OzisikSB23_journal_symmetry","PUBLISHED_IN"
"pub_journals/symmetry/CelantTM21","journal_symmetry","pub_journals/symmetry/CelantTM21_journal_symmetry","PUBLISHED_IN"
"pub_journals/symmetry/HuZY19","journal_symmetry","pub_journals/symmetry/HuZY19_journal_symmetry","PUBLISHED_IN"
"pub_journals/jvcir/JiaSZW16","journal_jvcir","pub_journals/jvcir/JiaSZW16_journal_jvcir","PUBLISHED_IN"
"pub_journals/jvcir/YuanLWZ14","journal_jvcir","pub_journals/jvcir/YuanLWZ14_journal_jvcir","PUBLISHED_IN"
"pub_journals/nca/XieWHQZ21","journal_nca","pub_journals/nca/XieWHQZ21_journal_nca","PUBLISHED_IN"
"pub_journals/orl/Xing02","journal_orl","pub_journals/orl/Xing02_journal_orl","PUBLISHED_IN"
"pub_journals/orl/LinYH98","journal_orl","pub_journals/orl/LinYH98_journal_orl","PUBLISHED_IN"
"pub_journals/scl/BaldeaT13","journal_scl","pub_journals/scl/BaldeaT13_journal_scl","PUBLISHED_IN"
"pub_journals/sensors/UsamaE19","journal_sensors","pub_journals/sensors/UsamaE19_journal_sensors","PUBLISHED_IN"
"pub_journals/sensors/ZhangJLMH21","journal_sensors","pub_journals/sensors/ZhangJLMH21_journal_sensors","PUBLISHED_IN"
"pub_journals/patterns/ReeseUCCRCSGBFB21","journal_patterns","pub_journals/patterns/ReeseUCCRCSGBFB21_journal_patterns","PUBLISHED_IN"
"pub_journals/kybernetika/LiuJL10","journal_kybernetika","pub_journals/kybernetika/LiuJL10_journal_kybernetika","PUBLISHED_IN"
"pub_journals/kybernetika/Kucera91","journal_kybernetika","pub_journals/kybernetika/Kucera91_journal_kybernetika","PUBLISHED_IN"
"pub_journals/jossw/Peeters18","journal_jossw","pub_journals/jossw/Peeters18_journal_jossw","PUBLISHED_IN"
"pub_journals/intpolrev/DencikRHW19","journal_intpolrev","pub_journals/intpolrev/DencikRHW19_journal_intpolrev","PUBLISHED_IN"
"pub_journals/chinaf/WuWBSYYZBWRWCH24","journal_chinaf","pub_journals/chinaf/WuWBSYYZBWRWCH24_journal_chinaf","PUBLISHED_IN"
"pub_journals/peerj-cs/LuG24","journal_peerj-cs","pub_journals/peerj-cs/LuG24_journal_peerj-cs","PUBLISHED_IN"
"pub_journals/tcom/RossT91","journal_tcom","pub_journals/tcom/RossT91_journal_tcom","PUBLISHED_IN"
"pub_journals/tgrs/SuZDD19","journal_tgrs","pub_journals/tgrs/SuZDD19_journal_tgrs","PUBLISHED_IN"
"pub_journals/tgrs/ZhiWZYPSLZ19","journal_tgrs","pub_journals/tgrs/ZhiWZYPSLZ19_journal_tgrs","PUBLISHED_IN"
"pub_journals/tgrs/MartinisTV11","journal_tgrs","pub_journals/tgrs/MartinisTV11_journal_tgrs","PUBLISHED_IN"
"pub_journals/tgrs/YanHDYWC23","journal_tgrs","pub_journals/tgrs/YanHDYWC23_journal_tgrs","PUBLISHED_IN"
"pub_journals/ijac/BrusamarelloFJ14","journal_ijac","pub_journals/ijac/BrusamarelloFJ14_journal_ijac","PUBLISHED_IN"
"pub_journals/jco/Cai99","journal_jco","pub_journals/jco/Cai99_journal_jco","PUBLISHED_IN"
"pub_journals/cbm/dinDRA22","journal_cbm","pub_journals/cbm/dinDRA22_journal_cbm","PUBLISHED_IN"
"pub_journals/cbm/XuYKWL19","journal_cbm","pub_journals/cbm/XuYKWL19_journal_cbm","PUBLISHED_IN"
"pub_journals/jcit/KarmakarB09","journal_jcit","pub_journals/jcit/KarmakarB09_journal_jcit","PUBLISHED_IN"
"pub_journals/tase/MengCMWM24a","journal_tase","pub_journals/tase/MengCMWM24a_journal_tase","PUBLISHED_IN"
"pub_journals/ajc/BachratyJ17","journal_ajc","pub_journals/ajc/BachratyJ17_journal_ajc","PUBLISHED_IN"
"pub_journals/imt/PurwariantiTN07","journal_imt","pub_journals/imt/PurwariantiTN07_journal_imt","PUBLISHED_IN"
"pub_journals/csda/WieringaDGP09","journal_csda","pub_journals/csda/WieringaDGP09_journal_csda","PUBLISHED_IN"
"pub_journals/tac/FangC00","journal_tac","pub_journals/tac/FangC00_journal_tac","PUBLISHED_IN"
"pub_journals/tac/WuS13","journal_tac","pub_journals/tac/WuS13_journal_tac","PUBLISHED_IN"
"pub_journals/tac/LiangXWZ23","journal_tac","pub_journals/tac/LiangXWZ23_journal_tac","PUBLISHED_IN"
"pub_journals/tim/XueLCFS25","journal_tim","pub_journals/tim/XueLCFS25_journal_tim","PUBLISHED_IN"
"pub_journals/tim/GuptaMD05","journal_tim","pub_journals/tim/GuptaMD05_journal_tim","PUBLISHED_IN"
"pub_journals/cce/Sahinidis04","journal_cce","pub_journals/cce/Sahinidis04_journal_cce","PUBLISHED_IN"
"pub_journals/ijim/ChechinaCT20","journal_ijim","pub_journals/ijim/ChechinaCT20_journal_ijim","PUBLISHED_IN"
"pub_journals/ijim/MentzelopoulosF16","journal_ijim","pub_journals/ijim/MentzelopoulosF16_journal_ijim","PUBLISHED_IN"
"pub_journals/tele/DodooY21","journal_tele","pub_journals/tele/DodooY21_journal_tele","PUBLISHED_IN"
"pub_journals/jips/FanG23","journal_jips","pub_journals/jips/FanG23_journal_jips","PUBLISHED_IN"
"pub_journals/imds/CaputoPS17","journal_imds","pub_journals/imds/CaputoPS17_journal_imds","PUBLISHED_IN"
"pub_journals/fuin/PaganiR10","journal_fuin","pub_journals/fuin/PaganiR10_journal_fuin","PUBLISHED_IN"
"pub_journals/cais/CarmelE06","journal_cais","pub_journals/cais/CarmelE06_journal_cais","PUBLISHED_IN"
"pub_journals/imwut/XieLZXZLYRG22","journal_imwut","pub_journals/imwut/XieLZXZLYRG22_journal_imwut","PUBLISHED_IN"
"pub_journals/todaes/HongHXLSZ23","journal_todaes","pub_journals/todaes/HongHXLSZ23_journal_todaes","PUBLISHED_IN"
"pub_journals/spl/ReddyC25","journal_spl","pub_journals/spl/ReddyC25_journal_spl","PUBLISHED_IN"
"pub_journals/eor/JonesO08","journal_eor","pub_journals/eor/JonesO08_journal_eor","PUBLISHED_IN"
"pub_journals/eor/JohnsonM08","journal_eor","pub_journals/eor/JohnsonM08_journal_eor","PUBLISHED_IN"
"pub_journals/cas/NguyenT24","journal_cas","pub_journals/cas/NguyenT24_journal_cas","PUBLISHED_IN"
"pub_journals/ijfcs/ChangLT09","journal_ijfcs","pub_journals/ijfcs/ChangLT09_journal_ijfcs","PUBLISHED_IN"
"pub_journals/pr/YanKS14","journal_pr","pub_journals/pr/YanKS14_journal_pr","PUBLISHED_IN"
"pub_journals/cys/Arechavaleta11","journal_cys","pub_journals/cys/Arechavaleta11_journal_cys","PUBLISHED_IN"
"pub_journals/jkm/Lardon-LopezMG22","journal_jkm","pub_journals/jkm/Lardon-LopezMG22_journal_jkm","PUBLISHED_IN"
"pub_journals/lmcs/Hardin05","journal_lmcs","pub_journals/lmcs/Hardin05_journal_lmcs","PUBLISHED_IN"
"pub_journals/jifs/LiZ15","journal_jifs","pub_journals/jifs/LiZ15_journal_jifs","PUBLISHED_IN"
"pub_journals/jcphy/SpietzHW18","journal_jcphy","pub_journals/jcphy/SpietzHW18_journal_jcphy","PUBLISHED_IN"
"pub_journals/eInformatica/IqbalAAK20","journal_eInformatica","pub_journals/eInformatica/IqbalAAK20_journal_eInformatica","PUBLISHED_IN"
"pub_journals/iajit/HaratyG04","journal_iajit","pub_journals/iajit/HaratyG04_journal_iajit","PUBLISHED_IN"
"pub_journals/bmcbi/ZhangWCHLSZ19","journal_bmcbi","pub_journals/bmcbi/ZhangWCHLSZ19_journal_bmcbi","PUBLISHED_IN"
"pub_journals/access/CastellanosCDTV22","journal_access","pub_journals/access/CastellanosCDTV22_journal_access","PUBLISHED_IN"
"pub_journals/access/garciaChavezSGMOST23","journal_access","pub_journals/access/garciaChavezSGMOST23_journal_access","PUBLISHED_IN"
"pub_journals/access/XiaoJ019","journal_access","pub_journals/access/XiaoJ019_journal_access","PUBLISHED_IN"
"pub_journals/access/ZhouLWLZZ20","journal_access","pub_journals/access/ZhouLWLZZ20_journal_access","PUBLISHED_IN"
"pub_journals/access/LiZLZLWDW23","journal_access","pub_journals/access/LiZLZLWDW23_journal_access","PUBLISHED_IN"
"pub_journals/access/ZengMZDLZ21","journal_access","pub_journals/access/ZengMZDLZ21_journal_access","PUBLISHED_IN"
"pub_journals/access/LiL22b","journal_access","pub_journals/access/LiL22b_journal_access","PUBLISHED_IN"
"pub_journals/access/WangCDW24","journal_access","pub_journals/access/WangCDW24_journal_access","PUBLISHED_IN"
"pub_journals/access/HazanS19","journal_access","pub_journals/access/HazanS19_journal_access","PUBLISHED_IN"
"pub_journals/ijon/ZhengLW09","journal_ijon","pub_journals/ijon/ZhengLW09_journal_ijon","PUBLISHED_IN"
"pub_journals/ijon/ChamlalBO24","journal_ijon","pub_journals/ijon/ChamlalBO24_journal_ijon","PUBLISHED_IN"
"pub_journals/itp/NosekM97","journal_itp","pub_journals/itp/NosekM97_journal_itp","PUBLISHED_IN"
"pub_journals/itp/DestounisGMRST04","journal_itp","pub_journals/itp/DestounisGMRST04_journal_itp","PUBLISHED_IN"
"pub_journals/tog/FleishmanDC03","journal_tog","pub_journals/tog/FleishmanDC03_journal_tog","PUBLISHED_IN"
"pub_journals/tetc/WeiLLGY21","journal_tetc","pub_journals/tetc/WeiLLGY21_journal_tetc","PUBLISHED_IN"
"pub_journals/scn/ZhouNW21","journal_scn","pub_journals/scn/ZhouNW21_journal_scn","PUBLISHED_IN"
"pub_journals/siamma/CraigGLS18","journal_siamma","pub_journals/siamma/CraigGLS18_journal_siamma","PUBLISHED_IN"
"pub_journals/jcam/KrukierMB09","journal_jcam","pub_journals/jcam/KrukierMB09_journal_jcam","PUBLISHED_IN"
"pub_journals/ieicet/TakahashiIF19","journal_ieicet","pub_journals/ieicet/TakahashiIF19_journal_ieicet","PUBLISHED_IN"
"pub_journals/ieicet/MatsumotoNS12","journal_ieicet","pub_journals/ieicet/MatsumotoNS12_journal_ieicet","PUBLISHED_IN"
"pub_journals/ieicet/TsujiUKS10","journal_ieicet","pub_journals/ieicet/TsujiUKS10_journal_ieicet","PUBLISHED_IN"
"pub_journals/ieicet/TanakaKT06","journal_ieicet","pub_journals/ieicet/TanakaKT06_journal_ieicet","PUBLISHED_IN"
"pub_journals/adcm/PangWL20","journal_adcm","pub_journals/adcm/PangWL20_journal_adcm","PUBLISHED_IN"
"pub_journals/ai/Lin01","journal_ai","pub_journals/ai/Lin01_journal_ai","PUBLISHED_IN"
"pub_journals/amc/HanMD19","journal_amc","pub_journals/amc/HanMD19_journal_amc","PUBLISHED_IN"
"pub_journals/amc/LiuZW13","journal_amc","pub_journals/amc/LiuZW13_journal_amc","PUBLISHED_IN"
"pub_journals/amc/TanYCK23","journal_amc","pub_journals/amc/TanYCK23_journal_amc","PUBLISHED_IN"
"pub_journals/jsac/ZhuHK22","journal_jsac","pub_journals/jsac/ZhuHK22_journal_jsac","PUBLISHED_IN"
"pub_journals/aei/ZhouDZL18","journal_aei","pub_journals/aei/ZhouDZL18_journal_aei","PUBLISHED_IN"
"pub_journals/aei/MaCHLZG24","journal_aei","pub_journals/aei/MaCHLZG24_journal_aei","PUBLISHED_IN"
"pub_journals/tjs/LiuLHCZ25","journal_tjs","pub_journals/tjs/LiuLHCZ25_journal_tjs","PUBLISHED_IN"
"pub_journals/ijat/Furutani10","journal_ijat","pub_journals/ijat/Furutani10_journal_ijat","PUBLISHED_IN"
"pub_journals/tomacs/KawaiKTM17","journal_tomacs","pub_journals/tomacs/KawaiKTM17_journal_tomacs","PUBLISHED_IN"
"pub_journals/jrm/TakashimaONCNM24","journal_jrm","pub_journals/jrm/TakashimaONCNM24_journal_jrm","PUBLISHED_IN"
"pub_journals/ieeesp/BishopF06","journal_ieeesp","pub_journals/ieeesp/BishopF06_journal_ieeesp","PUBLISHED_IN"
"pub_journals/tie/MaTHPT24","journal_tie","pub_journals/tie/MaTHPT24_journal_tie","PUBLISHED_IN"
"pub_journals/oclc/Fox11","journal_oclc","pub_journals/oclc/Fox11_journal_oclc","PUBLISHED_IN"
"pub_journals/fss/FungCT06","journal_fss","pub_journals/fss/FungCT06_journal_fss","PUBLISHED_IN"
"pub_journals/jcde/ZhangYV21","journal_jcde","pub_journals/jcde/ZhangYV21_journal_jcde","PUBLISHED_IN"
"pub_journals/iacr/ChalkiasBHLNS18","journal_iacr","pub_journals/iacr/ChalkiasBHLNS18_journal_iacr","PUBLISHED_IN"
"pub_journals/pieee/HartungK99","journal_pieee","pub_journals/pieee/HartungK99_journal_pieee","PUBLISHED_IN"
"pub_journals/iotj/AsieduMSKL20","journal_iotj","pub_journals/iotj/AsieduMSKL20_journal_iotj","PUBLISHED_IN"
"pub_journals/iotj/NiuLCZXNLA23","journal_iotj","pub_journals/iotj/NiuLCZXNLA23_journal_iotj","PUBLISHED_IN"
"pub_journals/iotj/LiSCL17","journal_iotj","pub_journals/iotj/LiSCL17_journal_iotj","PUBLISHED_IN"
"pub_journals/ploscb/YpmaB16","journal_ploscb","pub_journals/ploscb/YpmaB16_journal_ploscb","PUBLISHED_IN"
"pub_journals/ploscb/RaketGSIM16","journal_ploscb","pub_journals/ploscb/RaketGSIM16_journal_ploscb","PUBLISHED_IN"
"pub_journals/scjapan/KuroyanagiI05","journal_scjapan","pub_journals/scjapan/KuroyanagiI05_journal_scjapan","PUBLISHED_IN"
"pub_journals/micro/X01i","journal_micro","pub_journals/micro/X01i_journal_micro","PUBLISHED_IN"
"pub_journals/tii/MarauLVMAPF08","journal_tii","pub_journals/tii/MarauLVMAPF08_journal_tii","PUBLISHED_IN"
"pub_journals/fs/Schachermayer03","journal_fs","pub_journals/fs/Schachermayer03_journal_fs","PUBLISHED_IN"
"pub_journals/ijcim/ChenSC15","journal_ijcim","pub_journals/ijcim/ChenSC15_journal_ijcim","PUBLISHED_IN"
"pub_journals/topnoc/AndreKLPP19","journal_topnoc","pub_journals/topnoc/AndreKLPP19_journal_topnoc","PUBLISHED_IN"
"pub_journals/ijmi/LiuEKCPBH21","journal_ijmi","pub_journals/ijmi/LiuEKCPBH21_journal_ijmi","PUBLISHED_IN"
"pub_journals/na/Watson06","journal_na","pub_journals/na/Watson06_journal_na","PUBLISHED_IN"
"pub_journals/mktsci/MayzlinS11","journal_mktsci","pub_journals/mktsci/MayzlinS11_journal_mktsci","PUBLISHED_IN"
"pub_journals/lre/LeacockC03","journal_lre","pub_journals/lre/LeacockC03_journal_lre","PUBLISHED_IN"
"pub_journals/jors/AlcarazMR22","journal_jors","pub_journals/jors/AlcarazMR22_journal_jors","PUBLISHED_IN"
"pub_journals/oms/DuranC08","journal_oms","pub_journals/oms/DuranC08_journal_oms","PUBLISHED_IN"
"pub_journals/rfc/rfc1454","journal_rfc","pub_journals/rfc/rfc1454_journal_rfc","PUBLISHED_IN"
"pub_journals/rfc/rfc2757","journal_rfc","pub_journals/rfc/rfc2757_journal_rfc","PUBLISHED_IN"
"pub_journals/staeors/KwakPF14","journal_staeors","pub_journals/staeors/KwakPF14_journal_staeors","PUBLISHED_IN"
"pub_journals/tcns/DekaDMS22","journal_tcns","pub_journals/tcns/DekaDMS22_journal_tcns","PUBLISHED_IN"
"pub_journals/tit/Krzyzak90","journal_tit","pub_journals/tit/Krzyzak90_journal_tit","PUBLISHED_IN"
"pub_journals/bc/IchinoseA01","journal_bc","pub_journals/bc/IchinoseA01_journal_bc","PUBLISHED_IN"
"pub_journals/ram/MoradiKPMFSR13","journal_ram","pub_journals/ram/MoradiKPMFSR13_journal_ram","PUBLISHED_IN"
"pub_journals/jasss/BoeroCS04","journal_jasss","pub_journals/jasss/BoeroCS04_journal_jasss","PUBLISHED_IN"
"pub_journals/siamsc/WillertKKP13","journal_siamsc","pub_journals/siamsc/WillertKKP13_journal_siamsc","PUBLISHED_IN"
"pub_journals/ppna/MaWCYM14","journal_ppna","pub_journals/ppna/MaWCYM14_journal_ppna","PUBLISHED_IN"
"pub_journals/sivp/KovacM23","journal_sivp","pub_journals/sivp/KovacM23_journal_sivp","PUBLISHED_IN"
"pub_journals/arc/DownsS11","journal_arc","pub_journals/arc/DownsS11_journal_arc","PUBLISHED_IN"
"pub_journals/eswa/SadeghiDZ21","journal_eswa","pub_journals/eswa/SadeghiDZ21_journal_eswa","PUBLISHED_IN"
"pub_journals/cssc/OzkaleA23","journal_cssc","pub_journals/cssc/OzkaleA23_journal_cssc","PUBLISHED_IN"
"pub_journals/csysl/WangWLL24","journal_csysl","pub_journals/csysl/WangWLL24_journal_csysl","PUBLISHED_IN"
"pub_journals/bioinformatics/KimCSZ23","journal_bioinformatics","pub_journals/bioinformatics/KimCSZ23_journal_bioinformatics","PUBLISHED_IN"
"pub_journals/bioinformatics/AulchenkoRID07","journal_bioinformatics","pub_journals/bioinformatics/AulchenkoRID07_journal_bioinformatics","PUBLISHED_IN"
"pub_journals/bioinformatics/SuzekWHMW15","journal_bioinformatics","pub_journals/bioinformatics/SuzekWHMW15_journal_bioinformatics","PUBLISHED_IN"
"pub_journals/alr/SaitoMHI20","journal_alr","pub_journals/alr/SaitoMHI20_journal_alr","PUBLISHED_IN"
"pub_journals/dam/BermudoHMV24","journal_dam","pub_journals/dam/BermudoHMV24_journal_dam","PUBLISHED_IN"
"pub_journals/saem/ZhangKBT14","journal_saem","pub_journals/saem/ZhangKBT14_journal_saem","PUBLISHED_IN"
"pub_journals/ior/ShiO00","journal_ior","pub_journals/ior/ShiO00_journal_ior","PUBLISHED_IN"
"pub_journals/tcad/ZhouDZZLL0GCC19","journal_tcad","pub_journals/tcad/ZhouDZZLL0GCC19_journal_tcad","PUBLISHED_IN"
"pub_journals/tcad/MukherjeeFBL12","journal_tcad","pub_journals/tcad/MukherjeeFBL12_journal_tcad","PUBLISHED_IN"
"pub_journals/mta/GuptaSS17","journal_mta","pub_journals/mta/GuptaSS17_journal_mta","PUBLISHED_IN"
"pub_journals/mta/HafizBH23","journal_mta","pub_journals/mta/HafizBH23_journal_mta","PUBLISHED_IN"
"pub_journals/mta/AliTDIK21","journal_mta","pub_journals/mta/AliTDIK21_journal_mta","PUBLISHED_IN"
"pub_journals/mta/HuangRJY22","journal_mta","pub_journals/mta/HuangRJY22_journal_mta","PUBLISHED_IN"
"pub_journals/mta/LiZHT16","journal_mta","pub_journals/mta/LiZHT16_journal_mta","PUBLISHED_IN"
"pub_journals/mta/RabeeMM18","journal_mta","pub_journals/mta/RabeeMM18_journal_mta","PUBLISHED_IN"
"pub_journals/vldb/MedjahedBBNE03","journal_vldb","pub_journals/vldb/MedjahedBBNE03_journal_vldb","PUBLISHED_IN"
"pub_journals/cmpb/YanSSYMCCC22","journal_cmpb","pub_journals/cmpb/YanSSYMCCC22_journal_cmpb","PUBLISHED_IN"
"pub_journals/cmpb/KalinliSAO13","journal_cmpb","pub_journals/cmpb/KalinliSAO13_journal_cmpb","PUBLISHED_IN"
"pub_journals/dke/SnodgrassDCCJ08","journal_dke","pub_journals/dke/SnodgrassDCCJ08_journal_dke","PUBLISHED_IN"
"pub_journals/dke/KontopoulosBA08","journal_dke","pub_journals/dke/KontopoulosBA08_journal_dke","PUBLISHED_IN"
"pub_journals/combinatorics/Saldanha21","journal_combinatorics","pub_journals/combinatorics/Saldanha21_journal_combinatorics","PUBLISHED_IN"
"pub_journals/jcb/DewWS05","journal_jcb","pub_journals/jcb/DewWS05_journal_jcb","PUBLISHED_IN"
"pub_journals/displays/LiangYSD25","journal_displays","pub_journals/displays/LiangYSD25_journal_displays","PUBLISHED_IN"
"pub_journals/urban/YabeTSU22","journal_urban","pub_journals/urban/YabeTSU22_journal_urban","PUBLISHED_IN"
"pub_journals/jaihc/SinghG22","journal_jaihc","pub_journals/jaihc/SinghG22_journal_jaihc","PUBLISHED_IN"
"pub_journals/dm/ChenCCLL24","journal_dm","pub_journals/dm/ChenCCLL24_journal_dm","PUBLISHED_IN"
"pub_journals/dm/Rotem81","journal_dm","pub_journals/dm/Rotem81_journal_dm","PUBLISHED_IN"
"pub_journals/lgrs/ChenWFLCYZY24","journal_lgrs","pub_journals/lgrs/ChenWFLCYZY24_journal_lgrs","PUBLISHED_IN"
"pub_journals/jpdc/ShestakCMS12","journal_jpdc","pub_journals/jpdc/ShestakCMS12_journal_jpdc","PUBLISHED_IN"
"pub_journals/jpdc/PlazaVPM06","journal_jpdc","pub_journals/jpdc/PlazaVPM06_journal_jpdc","PUBLISHED_IN"
"pub_journals/mcss/CostaD88","journal_mcss","pub_journals/mcss/CostaD88_journal_mcss","PUBLISHED_IN"
"pub_journals/jcsc/AbdiDAR19","journal_jcsc","pub_journals/jcsc/AbdiDAR19_journal_jcsc","PUBLISHED_IN"
"pub_journals/kais/ReddyRKT23","journal_kais","pub_journals/kais/ReddyRKT23_journal_kais","PUBLISHED_IN"
"pub_journals/tits/LiuLWWYS23","journal_tits","pub_journals/tits/LiuLWWYS23_journal_tits","PUBLISHED_IN"
"pub_journals/tits/DaiZYCZDC22","journal_tits","pub_journals/tits/DaiZYCZDC22_journal_tits","PUBLISHED_IN"
"pub_journals/isci/KhreichGMS12","journal_isci","pub_journals/isci/KhreichGMS12_journal_isci","PUBLISHED_IN"
"pub_journals/isci/Forgionne02","journal_isci","pub_journals/isci/Forgionne02_journal_isci","PUBLISHED_IN"
"pub_journals/tce/Haan00","journal_tce","pub_journals/tce/Haan00_journal_tce","PUBLISHED_IN"
"pub_journals/jsis/Lee12","journal_jsis","pub_journals/jsis/Lee12_journal_jsis","PUBLISHED_IN"
"pub_journals/cma/YangL09","journal_cma","pub_journals/cma/YangL09_journal_cma","PUBLISHED_IN"
"pub_journals/cma/LuDL10","journal_cma","pub_journals/cma/LuDL10_journal_cma","PUBLISHED_IN"
"pub_journals/istr/RahbariniaPLL14","journal_istr","pub_journals/istr/RahbariniaPLL14_journal_istr","PUBLISHED_IN"
"pub_journals/cnsns/WuY24","journal_cnsns","pub_journals/cnsns/WuY24_journal_cnsns","PUBLISHED_IN"
"pub_journals/tcas/MengJDY09","journal_tcas","pub_journals/tcas/MengJDY09_journal_tcas","PUBLISHED_IN"
"pub_journals/bspc/PengS23","journal_bspc","pub_journals/bspc/PengS23_journal_bspc","PUBLISHED_IN"
"pub_journals/cea/KimSKKLLHNPL21","journal_cea","pub_journals/cea/KimSKKLLHNPL21_journal_cea","PUBLISHED_IN"
"pub_journals/cea/LiuZJZRTW22","journal_cea","pub_journals/cea/LiuZJZRTW22_journal_cea","PUBLISHED_IN"
"pub_journals/it/GusgenF88","journal_it","pub_journals/it/GusgenF88_journal_it","PUBLISHED_IN"
"pub_journals/wc/TaoJLXQL19","journal_wc","pub_journals/wc/TaoJLXQL19_journal_wc","PUBLISHED_IN"
"pub_journals/wc/PanagiotakisA02","journal_wc","pub_journals/wc/PanagiotakisA02_journal_wc","PUBLISHED_IN"
"pub_journals/complexity/Peng22","journal_complexity","pub_journals/complexity/Peng22_journal_complexity","PUBLISHED_IN"
"pub_journals/dcg/Suk13","journal_dcg","pub_journals/dcg/Suk13_journal_dcg","PUBLISHED_IN"
"pub_journals/sigarch/Dongarra88","journal_sigarch","pub_journals/sigarch/Dongarra88_journal_sigarch","PUBLISHED_IN"
"pub_journals/corr/abs-1808-10476","journal_corr","pub_journals/corr/abs-1808-10476_journal_corr","PUBLISHED_IN"
"pub_journals/corr/abs-1301-2258","journal_corr","pub_journals/corr/abs-1301-2258_journal_corr","PUBLISHED_IN"
"pub_journals/corr/LuYC16","journal_corr","pub_journals/corr/LuYC16_journal_corr","PUBLISHED_IN"
"pub_journals/corr/abs-2202-09935","journal_corr","pub_journals/corr/abs-2202-09935_journal_corr","PUBLISHED_IN"
"pub_journals/corr/abs-2409-05385","journal_corr","pub_journals/corr/abs-2409-05385_journal_corr","PUBLISHED_IN"
"pub_journals/corr/abs-2212-09314","journal_corr","pub_journals/corr/abs-2212-09314_journal_corr","PUBLISHED_IN"
"pub_journals/corr/abs-2304-04217","journal_corr","pub_journals/corr/abs-2304-04217_journal_corr","PUBLISHED_IN"
"pub_journals/corr/abs-2007-08777","journal_corr","pub_journals/corr/abs-2007-08777_journal_corr","PUBLISHED_IN"
"pub_journals/corr/abs-2501-10768","journal_corr","pub_journals/corr/abs-2501-10768_journal_corr","PUBLISHED_IN"
"pub_journals/corr/abs-2401-03257","journal_corr","pub_journals/corr/abs-2401-03257_journal_corr","PUBLISHED_IN"
"pub_journals/corr/abs-2401-05709","journal_corr","pub_journals/corr/abs-2401-05709_journal_corr","PUBLISHED_IN"
"pub_journals/corr/abs-2412-20993","journal_corr","pub_journals/corr/abs-2412-20993_journal_corr","PUBLISHED_IN"
"pub_journals/corr/abs-2110-03726","journal_corr","pub_journals/corr/abs-2110-03726_journal_corr","PUBLISHED_IN"
"pub_journals/corr/abs-0911-2974","journal_corr","pub_journals/corr/abs-0911-2974_journal_corr","PUBLISHED_IN"
"pub_journals/corr/abs-2410-01658","journal_corr","pub_journals/corr/abs-2410-01658_journal_corr","PUBLISHED_IN"
"pub_journals/corr/abs-1708-05347","journal_corr","pub_journals/corr/abs-1708-05347_journal_corr","PUBLISHED_IN"
"pub_journals/corr/abs-2207-00048","journal_corr","pub_journals/corr/abs-2207-00048_journal_corr","PUBLISHED_IN"
"pub_journals/corr/abs-2502-03321","journal_corr","pub_journals/corr/abs-2502-03321_journal_corr","PUBLISHED_IN"
"pub_journals/corr/abs-2105-09481","journal_corr","pub_journals/corr/abs-2105-09481_journal_corr","PUBLISHED_IN"
"pub_journals/corr/Pandey15","journal_corr","pub_journals/corr/Pandey15_journal_corr","PUBLISHED_IN"
"pub_journals/corr/abs-2312-08976","journal_corr","pub_journals/corr/abs-2312-08976_journal_corr","PUBLISHED_IN"
"pub_journals/corr/abs-1003-0659","journal_corr","pub_journals/corr/abs-1003-0659_journal_corr","PUBLISHED_IN"
"pub_journals/corr/abs-2212-06561","journal_corr","pub_journals/corr/abs-2212-06561_journal_corr","PUBLISHED_IN"
"pub_journals/corr/abs-1212-6810","journal_corr","pub_journals/corr/abs-1212-6810_journal_corr","PUBLISHED_IN"
"pub_journals/corr/abs-2501-12851","journal_corr","pub_journals/corr/abs-2501-12851_journal_corr","PUBLISHED_IN"
"pub_journals/corr/abs-1801-00880","journal_corr","pub_journals/corr/abs-1801-00880_journal_corr","PUBLISHED_IN"
"pub_journals/corr/abs-2001-04042","journal_corr","pub_journals/corr/abs-2001-04042_journal_corr","PUBLISHED_IN"
"pub_journals/corr/abs-2204-11575","journal_corr","pub_journals/corr/abs-2204-11575_journal_corr","PUBLISHED_IN"
"pub_journals/corr/abs-2308-11651","journal_corr","pub_journals/corr/abs-2308-11651_journal_corr","PUBLISHED_IN"
"pub_journals/corr/abs-2005-09927","journal_corr","pub_journals/corr/abs-2005-09927_journal_corr","PUBLISHED_IN"
"pub_journals/corr/abs-2412-17099","journal_corr","pub_journals/corr/abs-2412-17099_journal_corr","PUBLISHED_IN"
"pub_journals/corr/abs-0804-3361","journal_corr","pub_journals/corr/abs-0804-3361_journal_corr","PUBLISHED_IN"
"pub_journals/corr/abs-1811-09620","journal_corr","pub_journals/corr/abs-1811-09620_journal_corr","PUBLISHED_IN"
"pub_journals/corr/abs-2307-00735","journal_corr","pub_journals/corr/abs-2307-00735_journal_corr","PUBLISHED_IN"
"pub_journals/corr/abs-2204-09268","journal_corr","pub_journals/corr/abs-2204-09268_journal_corr","PUBLISHED_IN"
"pub_journals/corr/abs-1802-02049","journal_corr","pub_journals/corr/abs-1802-02049_journal_corr","PUBLISHED_IN"
"pub_journals/corr/abs-1010-3685","journal_corr","pub_journals/corr/abs-1010-3685_journal_corr","PUBLISHED_IN"
"pub_journals/corr/abs-cs-0412007","journal_corr","pub_journals/corr/abs-cs-0412007_journal_corr","PUBLISHED_IN"
"pub_journals/corr/abs-1906-06620","journal_corr","pub_journals/corr/abs-1906-06620_journal_corr","PUBLISHED_IN"
"pub_journals/corr/abs-2411-06202","journal_corr","pub_journals/corr/abs-2411-06202_journal_corr","PUBLISHED_IN"
"pub_journals/corr/abs-2206-13602","journal_corr","pub_journals/corr/abs-2206-13602_journal_corr","PUBLISHED_IN"
"pub_journals/corr/abs-2303-12756","journal_corr","pub_journals/corr/abs-2303-12756_journal_corr","PUBLISHED_IN"
"pub_journals/corr/abs-1302-3946","journal_corr","pub_journals/corr/abs-1302-3946_journal_corr","PUBLISHED_IN"
"pub_journals/corr/HellmuthFWS15","journal_corr","pub_journals/corr/HellmuthFWS15_journal_corr","PUBLISHED_IN"
"pub_journals/corr/abs-2408-09065","journal_corr","pub_journals/corr/abs-2408-09065_journal_corr","PUBLISHED_IN"
"pub_journals/corr/MajumdarMS16","journal_corr","pub_journals/corr/MajumdarMS16_journal_corr","PUBLISHED_IN"
"pub_journals/corr/abs-2002-03731","journal_corr","pub_journals/corr/abs-2002-03731_journal_corr","PUBLISHED_IN"
"pub_journals/corr/abs-2305-02397","journal_corr","pub_journals/corr/abs-2305-02397_journal_corr","PUBLISHED_IN"
"pub_journals/corr/abs-2112-00588","journal_corr","pub_journals/corr/abs-2112-00588_journal_corr","PUBLISHED_IN"
"pub_journals/corr/abs-0906-3527","journal_corr","pub_journals/corr/abs-0906-3527_journal_corr","PUBLISHED_IN"
"pub_journals/corr/abs-2007-06371","journal_corr","pub_journals/corr/abs-2007-06371_journal_corr","PUBLISHED_IN"
"pub_journals/corr/abs-1805-03642","journal_corr","pub_journals/corr/abs-1805-03642_journal_corr","PUBLISHED_IN"
"pub_journals/corr/abs-2402-08299","journal_corr","pub_journals/corr/abs-2402-08299_journal_corr","PUBLISHED_IN"
"pub_journals/corr/abs-2407-02348","journal_corr","pub_journals/corr/abs-2407-02348_journal_corr","PUBLISHED_IN"
"pub_journals/corr/abs-2005-13996","journal_corr","pub_journals/corr/abs-2005-13996_journal_corr","PUBLISHED_IN"
"pub_journals/corr/abs-1810-06519","journal_corr","pub_journals/corr/abs-1810-06519_journal_corr","PUBLISHED_IN"
"pub_journals/corr/abs-2406-06972","journal_corr","pub_journals/corr/abs-2406-06972_journal_corr","PUBLISHED_IN"
"pub_journals/corr/ClarkSW15a","journal_corr","pub_journals/corr/ClarkSW15a_journal_corr","PUBLISHED_IN"
"pub_journals/corr/abs-2311-18825","journal_corr","pub_journals/corr/abs-2311-18825_journal_corr","PUBLISHED_IN"
"pub_journals/corr/abs-2003-06880","journal_corr","pub_journals/corr/abs-2003-06880_journal_corr","PUBLISHED_IN"
"pub_journals/corr/abs-1008-1427","journal_corr","pub_journals/corr/abs-1008-1427_journal_corr","PUBLISHED_IN"
"pub_journals/corr/abs-2004-05838","journal_corr","pub_journals/corr/abs-2004-05838_journal_corr","PUBLISHED_IN"
"pub_journals/corr/abs-1907-03246","journal_corr","pub_journals/corr/abs-1907-03246_journal_corr","PUBLISHED_IN"
"pub_journals/corr/abs-2002-02881","journal_corr","pub_journals/corr/abs-2002-02881_journal_corr","PUBLISHED_IN"
"pub_journals/corr/abs-1910-12908","journal_corr","pub_journals/corr/abs-1910-12908_journal_corr","PUBLISHED_IN"
"pub_journals/corr/abs-1708-02337","journal_corr","pub_journals/corr/abs-1708-02337_journal_corr","PUBLISHED_IN"
"pub_journals/corr/CarvajalMS14","journal_corr","pub_journals/corr/CarvajalMS14_journal_corr","PUBLISHED_IN"
"pub_journals/corr/abs-2006-07057","journal_corr","pub_journals/corr/abs-2006-07057_journal_corr","PUBLISHED_IN"
"pub_journals/corr/abs-2004-08546","journal_corr","pub_journals/corr/abs-2004-08546_journal_corr","PUBLISHED_IN"
"pub_journals/corr/abs-1911-06476","journal_corr","pub_journals/corr/abs-1911-06476_journal_corr","PUBLISHED_IN"
"pub_journals/corr/abs-2111-05294","journal_corr","pub_journals/corr/abs-2111-05294_journal_corr","PUBLISHED_IN"
"pub_journals/corr/abs-2311-09559","journal_corr","pub_journals/corr/abs-2311-09559_journal_corr","PUBLISHED_IN"
"pub_journals/corr/abs-2407-14192","journal_corr","pub_journals/corr/abs-2407-14192_journal_corr","PUBLISHED_IN"
"pub_journals/corr/abs-2109-01652","journal_corr","pub_journals/corr/abs-2109-01652_journal_corr","PUBLISHED_IN"
"pub_journals/corr/abs-2308-09360","journal_corr","pub_journals/corr/abs-2308-09360_journal_corr","PUBLISHED_IN"
"pub_journals/corr/abs-1206-3136","journal_corr","pub_journals/corr/abs-1206-3136_journal_corr","PUBLISHED_IN"
"pub_journals/ijdsa/RaniGG22","journal_ijdsa","pub_journals/ijdsa/RaniGG22_journal_ijdsa","PUBLISHED_IN"
"pub_journals/ngc/KingSS95","journal_ngc","pub_journals/ngc/KingSS95_journal_ngc","PUBLISHED_IN"
"pub_paper_author_Zoltn_Katona_mobiquitous_2007","edition_mobiquitous_2007","pub_paper_author_Zoltn_Katona_mobiquitous_2007_edition_mobiquitous_2007","PUBLISHED_IN"
"pub_paper_author_Zoltn_Katona_mobiquitous_2015","edition_mobiquitous_2015","pub_paper_author_Zoltn_Katona_mobiquitous_2015_edition_mobiquitous_2015","PUBLISHED_IN"
"pub_paper_author_Zoltn_Katona_mobiquitous_2024","edition_mobiquitous_2024","pub_paper_author_Zoltn_Katona_mobiquitous_2024_edition_mobiquitous_2024","PUBLISHED_IN"
"pub_paper_author_Zoltn_Katona_mobiquitous_2022","edition_mobiquitous_2022","pub_paper_author_Zoltn_Katona_mobiquitous_2022_edition_mobiquitous_2022","PUBLISHED_IN"
"pub_paper_author_Babak_Rahbarinia_valuetools_2012","edition_valuetools_2012","pub_paper_author_Babak_Rahbarinia_valuetools_2012_edition_valuetools_2012","PUBLISHED_IN"
"pub_paper_author_Babak_Rahbarinia_valuetools_2014","edition_valuetools_2014","pub_paper_author_Babak_Rahbarinia_valuetools_2014_edition_valuetools_2014","PUBLISHED_IN"
"pub_paper_author_Babak_Rahbarinia_valuetools_2015","edition_valuetools_2015","pub_paper_author_Babak_Rahbarinia_valuetools_2015_edition_valuetools_2015","PUBLISHED_IN"
"pub_paper_author_Babak_Rahbarinia_valuetools_2016","edition_valuetools_2016","pub_paper_author_Babak_Rahbarinia_valuetools_2016_edition_valuetools_2016","PUBLISHED_IN"
"pub_paper_author_Zheyu_Fu_mobiquitous_2022","edition_mobiquitous_2022","pub_paper_author_Zheyu_Fu_mobiquitous_2022_edition_mobiquitous_2022","PUBLISHED_IN"
"pub_paper_author_Zheyu_Fu_mobiquitous_2016","edition_mobiquitous_2016","pub_paper_author_Zheyu_Fu_mobiquitous_2016_edition_mobiquitous_2016","PUBLISHED_IN"
"pub_paper_author_Zheyu_Fu_mobiquitous_2007","edition_mobiquitous_2007","pub_paper_author_Zheyu_Fu_mobiquitous_2007_edition_mobiquitous_2007","PUBLISHED_IN"
"pub_paper_author_Zheyu_Fu_mobiquitous_2024","edition_mobiquitous_2024","pub_paper_author_Zheyu_Fu_mobiquitous_2024_edition_mobiquitous_2024","PUBLISHED_IN"
"pub_paper_author_Danilo_Vasconcellos_Vargas_rlc_2021","edition_rlc_2021","pub_paper_author_Danilo_Vasconcellos_Vargas_rlc_2021_edition_rlc_2021","PUBLISHED_IN"
"pub_paper_author_Danilo_Vasconcellos_Vargas_rlc_2011","edition_rlc_2011","pub_paper_author_Danilo_Vasconcellos_Vargas_rlc_2011_edition_rlc_2011","PUBLISHED_IN"
"pub_paper_author_Danilo_Vasconcellos_Vargas_rlc_2024","edition_rlc_2024","pub_paper_author_Danilo_Vasconcellos_Vargas_rlc_2024_edition_rlc_2024","PUBLISHED_IN"
"pub_paper_author_Danilo_Vasconcellos_Vargas_rlc_2008","edition_rlc_2008","pub_paper_author_Danilo_Vasconcellos_Vargas_rlc_2008_edition_rlc_2008","PUBLISHED_IN"
"pub_paper_author_Kezhen_Xie_valuetools_2005","edition_valuetools_2005","pub_paper_author_Kezhen_Xie_valuetools_2005_edition_valuetools_2005","PUBLISHED_IN"
"pub_paper_author_Kezhen_Xie_valuetools_2014","edition_valuetools_2014","pub_paper_author_Kezhen_Xie_valuetools_2014_edition_valuetools_2014","PUBLISHED_IN"
"pub_paper_author_Kezhen_Xie_valuetools_2016","edition_valuetools_2016","pub_paper_author_Kezhen_Xie_valuetools_2016_edition_valuetools_2016","PUBLISHED_IN"
"pub_paper_author_Kezhen_Xie_valuetools_2015","edition_valuetools_2015","pub_paper_author_Kezhen_Xie_valuetools_2015_edition_valuetools_2015","PUBLISHED_IN"
"pub_paper_author_C._C._Li_rlc_2024","edition_rlc_2024","pub_paper_author_C._C._Li_rlc_2024_edition_rlc_2024","PUBLISHED_IN"
"pub_paper_author_C._C._Li_rlc_2021","edition_rlc_2021","pub_paper_author_C._C._Li_rlc_2021_edition_rlc_2021","PUBLISHED_IN"
"pub_paper_author_C._C._Li_rlc_2008","edition_rlc_2008","pub_paper_author_C._C._Li_rlc_2008_edition_rlc_2008","PUBLISHED_IN"
"pub_paper_author_C._C._Li_rlc_2006","edition_rlc_2006","pub_paper_author_C._C._Li_rlc_2006_edition_rlc_2006","PUBLISHED_IN"
"pub_paper_author_Nan_Jiang_0008_rlc_2024","edition_rlc_2024","pub_paper_author_Nan_Jiang_0008_rlc_2024_edition_rlc_2024","PUBLISHED_IN"
"pub_paper_author_Nan_Jiang_0008_rlc_2011","edition_rlc_2011","pub_paper_author_Nan_Jiang_0008_rlc_2011_edition_rlc_2011","PUBLISHED_IN"
"pub_paper_author_Nan_Jiang_0008_rlc_2006","edition_rlc_2006","pub_paper_author_Nan_Jiang_0008_rlc_2006_edition_rlc_2006","PUBLISHED_IN"
"pub_paper_author_Nan_Jiang_0008_rlc_2021","edition_rlc_2021","pub_paper_author_Nan_Jiang_0008_rlc_2021_edition_rlc_2021","PUBLISHED_IN"
"pub_paper_author_Marco_Castellani_0003_rlc_2008","edition_rlc_2008","pub_paper_author_Marco_Castellani_0003_rlc_2008_edition_rlc_2008","PUBLISHED_IN"
"pub_paper_author_Marco_Castellani_0003_rlc_2024","edition_rlc_2024","pub_paper_author_Marco_Castellani_0003_rlc_2024_edition_rlc_2024","PUBLISHED_IN"
"pub_paper_author_Marco_Castellani_0003_rlc_2011","edition_rlc_2011","pub_paper_author_Marco_Castellani_0003_rlc_2011_edition_rlc_2011","PUBLISHED_IN"
"pub_paper_author_Marco_Castellani_0003_rlc_2006","edition_rlc_2006","pub_paper_author_Marco_Castellani_0003_rlc_2006_edition_rlc_2006","PUBLISHED_IN"
"pub_paper_author_Xiaodong_Zhang_0016_www_2009","edition_www_2009","pub_paper_author_Xiaodong_Zhang_0016_www_2009_edition_www_2009","PUBLISHED_IN"
"pub_paper_author_Xiaodong_Zhang_0016_www_2007","edition_www_2007","pub_paper_author_Xiaodong_Zhang_0016_www_2007_edition_www_2007","PUBLISHED_IN"
"pub_paper_author_Xiaodong_Zhang_0016_www_2013","edition_www_2013","pub_paper_author_Xiaodong_Zhang_0016_www_2013_edition_www_2013","PUBLISHED_IN"
"pub_paper_author_Xiaodong_Zhang_0016_www_2006","edition_www_2006","pub_paper_author_Xiaodong_Zhang_0016_www_2006_edition_www_2006","PUBLISHED_IN"
"pub_paper_author_Chris_McCool_rlc_2008","edition_rlc_2008","pub_paper_author_Chris_McCool_rlc_2008_edition_rlc_2008","PUBLISHED_IN"
"pub_paper_author_Chris_McCool_rlc_2021","edition_rlc_2021","pub_paper_author_Chris_McCool_rlc_2021_edition_rlc_2021","PUBLISHED_IN"
"pub_paper_author_Chris_McCool_rlc_2011","edition_rlc_2011","pub_paper_author_Chris_McCool_rlc_2011_edition_rlc_2011","PUBLISHED_IN"
"pub_paper_author_Chris_McCool_rlc_2024","edition_rlc_2024","pub_paper_author_Chris_McCool_rlc_2024_edition_rlc_2024","PUBLISHED_IN"
